mood,genre,track_id
joy,pop,1PxKsGzQcmiwDHvA9ig5gv
joy,pop,1zi7xx7UVEFkmKfv06H8x0
joy,pop,6gpcs5eMhJwax4mIfKDYQk
joy,pop,1KGi9sZVMeszgZOWivFpxs
joy,pop,07K4GcCDSTiXUF5ssyTRUM
joy,pop,6HZ9VeI5IRFCNQLXhpF4bq
joy,pop,7d23MhPFE9eB3U8DPRirnL
joy,pop,1uigwk5hNV84zRd5YQQRTk
joy,pop,0CokSRCu5hZgPxcZBaEzVE
joy,pop,6w2rrJsn8Qpa7veSaVAyKh
joy,pop,3E7ZwUMJFqpsDOJzEkBrQ7
joy,pop,2GjMaJ7DacMIkgoe8oMXGg
joy,pop,3xgT3xIlFGqZjYW9QlhJWp
joy,pop,152lZdxL1OR0ZMW6KquMif
joy,pop,3E7dfMvvCLUddWissuqMwr
joy,pop,4tKGFmENO69tZR9ahgZu48
joy,pop,6JY1IdkZGeIcPegKxjSKeb
joy,pop,6etwirSInfuJrSOlogS6Sh
joy,pop,2Za1AlJNvksouPPWbXpR2X
joy,pop,6FE2iI43OZnszFLuLtvvmg
joy,pop,5AJ9hqTS2wcFQCELCFRO7A
joy,pop,5WHTFyqSii0lmT9R21abT8
joy,pop,5619Ojc6t9evEEs3B7Drhe
joy,pop,6TqXcAFInzjp0bODyvrWEq
joy,pop,1Je1IMUlBXcx1Fz0WE7oPT
joy,pop,6kWJvPfC4DgUpRsXKNa9z9
joy,pop,6hmhG1b4LEyNuashVvuIAo
joy,pop,2jUO4Rbw8VizhpHS63jrq4
joy,pop,7oOOI85fVQvVnK5ynNMdW7
joy,pop,2i0AUcEnsDm3dsqLrFWUCq
joy,pop,6v3KW9xbzN5yKLt9YKDYA2
joy,pop,4kbj5MwxO1bq9wjT5g9HaA
joy,pop,3Vo4wInECJQuz9BIBMOu8i
joy,pop,4HSAJpNocVNJbwbQvtCMdO
joy,pop,5kfNriitmkNE8mUbZ7gbq8
joy,pop,0nhBKubnVz9yFNNprBniWz
joy,pop,3lXbHd0EoryoQh3vpevNEP
joy,pop,0r4iLyCpW9e27ATCupFF64
joy,pop,3JTjLyrnevl9ASw3ayGO2P
joy,pop,5e08a8D8T3z4LDXbUIjxKQ
joy,pop,75u9uswC5UMdtv4SQ3xSYf
joy,pop,3PfIrDoz19wz7qK7tYeu62
joy,pop,2PpruBYCo4H7WOBJ7Q2EwM
joy,pop,1Cbl3Yq8rHo7hhDQmLQagU
joy,pop,0TrPqhAMoaKUFLR7iYDokf
joy,pop,2NjO87HyT80fsgejd3PLYW
joy,pop,0DiWol3AO6WpXZgp0goxAV
joy,pop,4M70OqsMnH6GwzEFtYAF5o
joy,pop,3F9ByoUqu31xU0I3G5xfVg
joy,pop,0J2p4KYdr6Mg4ET6JPlbe1
joy,pop,05wIrZSwuaVWhcv5FfqeH0
joy,pop,5ubvP9oKmxLUVq506fgLhk
joy,pop,4hjuUelurEBKlqpJPJ77Iw
joy,pop,2WQ09wqQBIOor7Q0VpIDBK
joy,pop,0NMUFQdEFjftg0BQnyZCsh
joy,pop,30cSNer6TV8x2utjULVeQ5
joy,pop,19RybK6XDbAVpcdxSbZL1o
joy,pop,4w2GLmK2wnioVnb5CPQeex
joy,pop,5h68SoVFGleijCtjEja3xG
joy,pop,39LLxExYz6ewLAcYrzQQyP
joy,pop,190jyVPHYjAqEaOGmMzdyk
joy,pop,6epn3r7S14KUqlReYr77hA
joy,pop,1dzQoRqT5ucxXVaAhTcT0J
joy,pop,0TwBtDAWpkpM3srywFVOV5
joy,pop,32OlwWuMpZ6b0aN2RZOeMS
joy,pop,1golLrmqyxDWedF7YUHCOD
joy,pop,7jk7gqyEonmVVYahZN5zhW
joy,pop,3OtMnyUaiipcAT23A8liyi
joy,pop,6GQuF9vzJAVs7fYN9ftBdP
joy,pop,2jATUzETZL49e6SywauZKE
joy,pop,3hlksXnvbKogFdPbpO9vel
joy,pop,2EBCVPNAG46nbgs6jXPGvv
joy,pop,0puf9yIluy9W0vpMEUoAnN
joy,pop,2yjlYDiNiQkdxVqTlaSrlX
joy,pop,3zEN0ii6s4DHHBpnTp3RP7
joy,pop,0GjEhVFGZW8afUYGChu3Rr
sadness,pop,4k6Uh1HXdhtusDW5y8Gbvy
sadness,pop,3AJwUDP919kvQ9QcozQPxg
sadness,pop,1SKPmfSYaPsETbRHaiA18G
sadness,pop,5kfNriitmkNE8mUbZ7gbq8
sadness,pop,2Za1AlJNvksouPPWbXpR2X
sadness,pop,69vToJ9BMbbLlFZo7k7A7B
sadness,pop,5qrSlOut2rNAWv3ubArkNy
sadness,pop,3QaPy1KgI7nu9FJEQUgn6h
sadness,pop,4cktbXiXOapiLBMprHFErI
sadness,pop,2QjOHCTQ1Jl3zawyYOpxh6
sadness,pop,6unndO70DvZfnXYcYQMyQJ
sadness,pop,4RE3vueod5PL48rvHtuu9C
sadness,pop,0dGqP4VickYjtIaB5VOt4H
sadness,pop,5O2P9iiztwhomNh8xkR9lJ
sadness,pop,6VObnIkLVruX4UVyxWhlqm
sadness,pop,6TGd66r0nlPaYm3KIoI7ET
sadness,pop,6GGtHZgBycCgGBUhZo81xe
sadness,pop,4bp5G6x1SXMQW4X9DbCCCp
sadness,pop,6y6jbcPG4Yn3Du4moXaenr
sadness,pop,5WtfUKzXircvW8l5aaVZWT
sadness,pop,1kuGVB7EU95pJObxwvfwKS
sadness,pop,5OGZ2Mx4Cs6RCndDRycGBJ
sadness,pop,2prqm9sPLj10B4Wg0wE5x9
sadness,pop,6uvh0In7u1Xn4HgxOfAn8O
sadness,pop,5pFfMng1YFOQjFtBiRgLmD
sadness,pop,3TfDUStpnEVIlsNlgcKQgJ
sadness,pop,75JFxkI2RXiU7L9VXzMkle
sadness,pop,5hUYsaOyMY32yjRXeuQwGj
sadness,pop,3nqqDo8CcCLke3ZoTgiOKf
sadness,pop,15JINEqzVMv3SvJTAXAKED
sadness,pop,5CscrLqFBgPfZR8fGtikov
sadness,pop,5Y35SjAfXjjG0sFQ3KOxmm
sadness,pop,73SpzrcaHk0RQPFP73vqVR
sadness,pop,3i058E8uxTsYqJ5NWZzqSj
sadness,pop,5uCax9HTNlzGybIStD3vDh
sadness,pop,3XVBdLihbNbxUwZosxcGuJ
sadness,pop,752Hm8vLR8rZL5bqHrqnST
sadness,pop,6yA2GnuThv4oDuEimu4Rmg
sadness,pop,6O5TrlFWTYvznd9fMC0VvU
sadness,pop,7eJMfftS33KTjuF7lTsMCx
sadness,pop,7zwn1eykZtZ5LODrf7c0tS
sadness,pop,2K7xn816oNHJZ0aVqdQsha
sadness,pop,1ujxjsoNvh4XgS2fUNwkZ2
sadness,pop,1KuVEZR4xuQVNr1KkanAV4
sadness,pop,5wANPM4fQCJwkGd4rN57mH
sadness,pop,4RVwu0g32PAqgUiJoXsdF8
sadness,pop,06KyNuuMOX1ROXRhj787tj
sadness,pop,2RdEC8Ff83WkX7kDVCHseE
anger,pop,46aZJc0z1HHHSFxaIRxYSP
anger,pop,59tskctgUmjCWAwhzYAFm
anger,pop,4GRFzKI7jTZ3kbMfouc7bn
anger,pop,0MMyJUC3WNnFS1lit5pTjk
anger,pop,3bFC4mJkgF9HvTU1mncW7x
anger,pop,0NTMtAO2BV4tnGvw9EgBVq
anger,pop,45hOioMDJktr86iKDHC8gr
anger,pop,6h1s7cKnUtsbRpE5bwnUTf
anger,pop,4t2OeILB07eMGTXSUbMPEu
anger,pop,6KI1ZpZWYAJLvmVhCJz65G
anger,pop,6SRsiMl7w1USE4mFqrOhHC
anger,pop,1R0a2iXumgCiFb7HEZ7gUE
anger,pop,2z4U9d5OAA4YLNXoCgioxo
anger,pop,6IbnUaczZBT34DhaD6S18F
anger,pop,6WC5fhc9XMaCrUNKNjm9xE
anger,pop,69oPVTn6mFjMoB3axEejog
anger,pop,4y3g40TWe7fCWCayJZuGvw
anger,pop,34qaGPDvfWqp3F4iD5nGhf
anger,pop,34sOdxWu9FljH84UXdRwu1
anger,pop,36t6frENUtCYKuZus6aYDO
anger,pop,3XF5xLJHOQQRbWya6hBp7d
anger,pop,1qimDZEBflJE25RXkF24Yg
anger,pop,2ISUiwj8xXqHeUFcen0AIU
anger,pop,2DgdHcjWmO3qd50RzuBLgZ
anger,pop,2bFGGsScXp2Tu10jKMCKO6
anger,pop,2gyxAWHebV7xPYVxqoi86f
anger,pop,3mRLHiSHYtC8Hk7bzZdUs1
anger,pop,6fyzsHCwnt8oL4XgGIMrdN
anger,pop,1KQc37jezhunxnOPhvdwSG
anger,pop,20R4HfKloPKgXDqU7UKk3x
anger,pop,1eTaznNW4Xxtx9za2SMTXB
anger,pop,0l0CvurVUrr2w3Jj1hOVFc
anger,pop,4ZtFanR9U6ndgddUvNcjcGg
anger,pop,5lAnYvAIkSDNXqfo7DyFUm
anger,pop,3NxWJWftvkstyxvb1pZlFo
anger,pop,1P17dC1amhFzptugyAO7Il
anger,pop,66KiX7ecoumEXcUR1Al05x
anger,pop,3l9CW99AHtExIRV4hW2N5m
anger,pop,4wTvw1dBiPXNiHTh0zzpcI
anger,pop,41krZZovstMJKeJZJtbL78
romantic,pop,3AJwUDP919kvQ9QcozQPxg
romantic,pop,0JmnkIqdlnUzPaf8sqBRs3
romantic,pop,1SKPmfSYaPsETbRHaiA18G
romantic,pop,754kgU5rWscRTfvlsuEwFp
romantic,pop,4k6Uh1HXdhtusDW5y8Gbvy
romantic,pop,1yjY7rpaAQvKwpdUliHx0d
romantic,pop,0QzuaeCEEOV40Pn7IvKEny
romantic,pop,5WtfUKzXircvW8l5aaVZWT
romantic,pop,2LBqCSwhJGcFQeTHMVGwy3
romantic,pop,6dOtVTDdiauQNBQEDOtlAB
romantic,pop,4WFgvKVfEhb3IUAFGrutTR
romantic,pop,1Vrj9Vcbb0lOG94pQbYvzv
romantic,pop,3awweDjWIuXNMogMClJnvE
romantic,pop,66wkCYWlXzSTQAfnsPBptt
romantic,pop,7aQjPecQdIuNd1sz3KCDhD
romantic,pop,0YVh3SyU4dS7jOWIFQ1tTf
romantic,pop,2Yy0FsAV2I5VXU4xpph2WN
romantic,pop,5XsAal7ZcWg1I5T4NcRjkv
romantic,pop,5JCoSi02qi3jJeHdZXMmR8
romantic,pop,09LrGvT9KsACH66RHYMDyR
romantic,pop,6GGtHZgBycCgGBUhZo81xe
romantic,pop,0ozo6xfFvHOxn1o2dA2UPk
romantic,pop,6G9YlbU3ByPJQvOFDRdwyM
romantic,pop,7BqBn9nzAq8spo5e7cZ0dJ
romantic,pop,1fDFHXcykq4iw8Gg7s5hG9
romantic,pop,6XZFPFanJb6RKGvuAAv3g8
romantic,pop,0tgVpDi06FyKpA1z0VMD4v
romantic,pop,3hUxzQpSfdDqwM3ZTFQY0K
romantic,pop,1lcBt7LoEikqYmhUoa2cez
romantic,pop,547iYirskXyIJaDIniJAhn
romantic,pop,0jcw8cJf3TNMZN0BXlueML
romantic,pop,5wbg8kepMFoMzHOEuxiI0q
romantic,pop,7zku2rvsa345C0kwQ4OEyZ
romantic,pop,4xqrdfXkTW4T0RauPLv3WA
chill,pop,4Yw8TyBm9J8cpy2guHUYog
chill,pop,040I32EKLxQrkuxQu1pqvT
chill,pop,0JmnkIqdlnUzPaf8sqBRs3
chill,pop,0QzuaeCEEOV40Pn7IvKEny
chill,pop,0mt02gJ425Xjm7c3jYkOBn
chill,pop,5qrSlOut2rNAWv3ubArkNy
chill,pop,7jhxagwOk9y1HC5ciRfmkQ
chill,pop,152lZdxL1OR0ZMW6KquMif
chill,pop,3AJwUDP919kvQ9QcozQPxg
chill,pop,0widrZ6KVNuIPhbM1rWPDR
chill,pop,4bp5G6x1SXMQW4X9DbCCCp
chill,pop,5gDWsRxpJ2lZAffh5p7K0w
chill,pop,4iZ4pt7kvcaH6Yo8UoZ4s2
chill,pop,6tDDoYIxWvMLTdKpjFkc1B
chill,pop,547iYirskXyIJaDIniJAhn
chill,pop,4k6Uh1HXdhtusDW5y8Gbvy
chill,pop,1SKPmfSYaPsETbRHaiA18G
chill,pop,5rNZsITjXf23iFkRA924FV
chill,pop,6K4Co1NQyOnoFEJMkZHkln
chill,pop,4RE3vueod5PL48rvHtuu9C
chill,pop,69vToJ9BMbbLlFZo7k7A7B
chill,pop,6GzApXoBQiiAjak3tOQfV3
chill,pop,3mHO1J6kfiArjBo1zhLFGP
chill,pop,1Qrg8KqiBpW07V7PNxwwwL
chill,pop,35SbrfbaSpGUBX7e5BPega
chill,pop,5O2P9iiztwhomNh8xkR9lJ
chill,pop,6r3duEAfFTH83DuoywkG20
chill,pop,2prqm9sPLj10B4Wg0wE5x9
chill,pop,6QT6j7rKt7Vk3IuV2AUO9W
chill,pop,78TTtXnFQPzwqlbtbwqN0y
chill,pop,6oCXDaFZYL7sHnowv6pdXb
chill,pop,2RkZ5LkEzeHGRsmDqKwmaJ
chill,pop,0OpC8hRrbsh24taKOsQBEX
chill,pop,709p9UGPAuyImWf1Z3vjRo
chill,pop,0z93LiOLVx8thr9eD2r9uV
chill,pop,4MJpGGIDRwHuWoZCddIOgM
chill,pop,0jcw8cJf3TNMZN0BXlueML
chill,pop,3GYlZ7tbxLOxe6ewMNVTkw
chill,pop,00WLowvlN5cjkYpQV6pjo4
chill,pop,4cktbXiXOapiLBMprHFErI
chill,pop,0dGqP4VickYjtIaB5VOt4H
chill,pop,6CYldrsUPBsiPtfLW4xZCl
chill,pop,3Uu6pcfL9xsdfsKRx3DXRf
chill,pop,315aBOUD3xtj7sUMXtRgMV
chill,pop,6XZFPFanJb6RKGvuAAv3g8
chill,pop,51rfRCiUSvxXlCSCfIztBy
chill,pop,0Nwar8rweBUyfyuoyjjUvk
chill,pop,2o1pb13quMReXZqE7jWsgq
chill,pop,51NFxnQvaosfDDutk0tams
joy,bollywood,6B7NIY9qkZJoCW3Wr8KwFD
joy,bollywood,1qTh7hzjd361hjuzeaMFWK
joy,bollywood,3APdIdF8H0jsxSuGOqXedS
joy,bollywood,5lrA2NzUxmBjKr2tCZfMtl
joy,bollywood,2IarWd16hKAvXU8vnEunVb
joy,bollywood,5OMUXgfXsSukZ0zxelpC3b
joy,bollywood,73K33p4Vyz9koXGqmL5eFs
joy,bollywood,0oukMLKedsqQ3ltnI2daRO
joy,bollywood,2JDsi7S0UmtGoyVPTda0ao
joy,bollywood,6s36KDFgCWW4lqDJ0njm7p
joy,bollywood,2pIoyDWZV5OSW0xd6n41xV
joy,bollywood,21Af1fetSINZpmAS3si8DW
joy,bollywood,648GXyKI62FhbeBq0levWr
joy,bollywood,06g9b0J7o8tULKGPZm0wFK
joy,bollywood,5czJMpadRTKwheBXCfiJkm
joy,bollywood,09sq0BHe85uV2ADUx1gaiA
joy,bollywood,17QlNzGYB4iceCCW8TrXO0
joy,bollywood,7fUMIEn7H6OYDOMQRMm1at
joy,bollywood,4SjlKZIaossBCum2dGHtDj
joy,bollywood,7e6qTHVfRdaYsio90s1fHC
joy,bollywood,2I2NQ6nvVLKRHya5iB0rEB
joy,bollywood,6Sp7azay1NZU4wxlFacWCl
joy,bollywood,7iVr50gFBKFvTLBHR2noZ8
joy,bollywood,6k3XXCE1ZzwevQlxf8dNaw
joy,bollywood,5KgWWdwGv8YPIfyTOHQplr
joy,bollywood,7anEQ7o0FiiWA8FflqeRsM
joy,bollywood,0JX7Es2j556FwtR6YqMKzP
joy,bollywood,32aiiYZCcgJpXmrotqRjdQ
joy,bollywood,6qNyL8lZuqFmy9ginJRQOZ
joy,bollywood,5KeTlCr0vFeNZwpc4T0hVN
joy,bollywood,2r1CHpKRDdzHGJScn5UqjX
joy,bollywood,2dZCy8ZNoevYwrqCcZWxcq
joy,bollywood,3vqJY3pVELLIxqXXyI08yr
joy,bollywood,2bhzXAQv9hv7ZGPUZeN5cz
joy,bollywood,3CP0ARxvvbcRPpIYnKAzeU
joy,bollywood,298atiKYvG84VfbXNbZiX5
joy,bollywood,0zHr3JEWjGmpWaVZduvGcu
joy,bollywood,5PmKSLx203cTXh4PHwt8La
joy,bollywood,0KdDgQgvvh7tYM3jj3n78l
joy,bollywood,2aHz87L2Z4a0ZEQ7vMlH8z
joy,bollywood,4wtnNTPCnUrVzcilVmkKbo
joy,bollywood,4UDFr3P1lRS6seQfmzCjz7
joy,bollywood,7dm80EBbK2JFHcQdGDvF1D
joy,bollywood,6s0byTOzpEM7n1Excy9Pa3
joy,bollywood,5Cdd8p9sxRczQX6GFC8CdH
joy,bollywood,1wBuTYRugaQTGMl0BH08yX
joy,bollywood,2oNcmoIOlDTBKPh7FzXSAT
joy,bollywood,3wnahgmj1q8YvjkoXTLG8c
joy,bollywood,1aY9jprCwAISYDrdXj9JYo
joy,bollywood,4YIhJmihoXwjtbY4vsV9Nh
joy,bollywood,04Hitqk330wIcM8SO2DgXX
joy,bollywood,0MjL7YQ02qH7nxfayhbmfp
joy,bollywood,2Q2RhtlS2bKKASyCJGgcyU
joy,bollywood,1VZ4UzU6Zmg8ZAmcOcKNi3
joy,bollywood,6ZoCBDOB308GqUdt2AJrV2
joy,bollywood,4O5ERhWIhAnBelhNDHcSlA
joy,bollywood,723xQva0yBF7M6K3nDAG8R
joy,bollywood,0EH7sgeiFqDa3eS7ieW2zs
joy,bollywood,3Qpk2qHree1RTH5lZaKnEK
joy,bollywood,5zKRKQwLVBT1WDJE7XJrnm
joy,bollywood,0e5STSwtLEXKN4ygFYydJd
joy,bollywood,74AqVxZ3oXwJ8olHssBUG3
joy,bollywood,6HWmag1fVBqjAfM8yH4jEt
joy,bollywood,1W9oNJOyyY1r3clKA1DlZu
joy,bollywood,0n4l2ggyid1J2MUaAXzsCS
joy,bollywood,7emLx4rVwr0tPyjktu7A7U
joy,bollywood,6WediUhXDfm8FR3wlM0r3G
joy,bollywood,4St20qfnH98z2CEY7Up5yn
joy,bollywood,1r4oikmMdZZiGHkPA4hSoe
joy,bollywood,7MkhC2h8lDwyEfaKxf48cJ
joy,bollywood,2iXVckhPy7tP0wV9DvlrjZ
joy,bollywood,4eu27jAU2bbnyHUC3G75U8
joy,bollywood,7DbE178OOsJfJKyiNObOsw
joy,bollywood,3MNYXalwzhzSY3APoec6Nn
joy,bollywood,5XsoDbDt98b0FkFLOhsJuS
joy,bollywood,5HcBFhFQEtqKrsRkr95XYu
joy,bollywood,31phvnfUfwzi0nf3dO814j
joy,bollywood,5f82cj8Bkl0mTsqAZiJkp1
joy,bollywood,4tBMbRwLJa5BjwJ6FrBlks
joy,bollywood,1rEVydQSe04NJUqyyEyeEq
joy,bollywood,18e3XXYCv4Tx8uUl1mP3CN
joy,bollywood,22EimU5vjrNYV9A3aIGqso
joy,bollywood,5ovFyjaU2COYanwL81OUVE
joy,bollywood,3V3QbgrOZKtFv5MXzAAdZr
joy,bollywood,0og9wKFGgFFNQnrBe7eisG
joy,bollywood,71s7tZo8OGlN3VXyURWLUr
joy,bollywood,1ax8ZuwRVkSdzzsIqyCNWQ
joy,bollywood,5Rn1DPzSzUktbhuNDDJocS
joy,bollywood,3TAhWtQnpoL5Vl9VQPl9fU
joy,bollywood,4J9n7thOdqi8gxRGNyQoVC
joy,bollywood,39bx4zZrPxTjw8VNuvjt6X
joy,bollywood,3W1XPf7mvuQcWQB7U7MbTM
joy,bollywood,7H3mfOvtPNA8YDF3EdKy0L
joy,bollywood,0hgTkEDY9oIG5DPKN39KHP
joy,bollywood,7pTYN6Gxy3MOibdXmkzc5V
joy,bollywood,1VY2incfH4TLT9PCbot6lj
joy,bollywood,6bmn66GsOExETkObSslEAa
joy,bollywood,3V3qab2wyi5LjGLjvbV4fD
joy,bollywood,0WdbnNKO0Jt4BZACSDQh44
joy,bollywood,1uzkWkIaWaxzHJgJ4Fy5rO
sadness,bollywood,7F8RNvTQlvbeBLeenycvN6
sadness,bollywood,5upmbnXemLfPvs3d2eyHml
sadness,bollywood,7uNnlVit5qDvfOje0pqICF
sadness,bollywood,2iNqdCchlUZEgjJbQyZf8T
sadness,bollywood,5AhxzlhZbKYfu4YNiUnmvx
sadness,bollywood,4bD9z9qa4qg9BhryvYWB7c
sadness,bollywood,3fWMFwaJil8fD14JCgwbcL
sadness,bollywood,4uXShFWajd1PTQzlW3P4jj
sadness,bollywood,3nKEiJUeaWn8q2O9I1xwlB
sadness,bollywood,2vR23BjIzpLMtzsyKrM6Mb
sadness,bollywood,53DXM0bHfB7xkqJZYlksuh
sadness,bollywood,4bIQXffbALkCC0Xo6aTicP
sadness,bollywood,2PxZSFOv7RebkeSEwQTjr7
sadness,bollywood,3mFDF0ulC4tyOFC4bB67Kd
sadness,bollywood,3DpedytYku64Hjf51064vO
sadness,bollywood,4r8JqkhpTb5tzSKKHnVJIJ
sadness,bollywood,3zAXHUL5YcYOA41rruvjy4
sadness,bollywood,7cLGKaJXLFpUU7Up34vVr1
sadness,bollywood,7127acu4Qui0XzfHrgE3HD
sadness,bollywood,4A7eOIbt19Wk5OXjVxE3SI
sadness,bollywood,4ZVfIGaZP93t0stmBj4FqA
sadness,bollywood,6UEhNvccAc4OyEDJYB5brb
sadness,bollywood,0ypgFw67lNEpoKFUxUV0tG
sadness,bollywood,7EjatvVN2Y2GjpvKSyWJR4
sadness,bollywood,3hkC9EHFZNQPXrtl8WPHnX
sadness,bollywood,3bZPdEskcnMdepwCaDSJRl
sadness,bollywood,32U1XMh3DKlm45uvpofhvY
sadness,bollywood,4vHRQnzGcKEtqsLH70tAms
sadness,bollywood,4yMbbysldl7E3WgiaugnwM
sadness,bollywood,1gEHNfJRSXpDVaEicwRRfe
sadness,bollywood,0EiZCuVOP3E9MobSidssSC
sadness,bollywood,1PH0yXNGtSZbL2eufpgFJ4
sadness,bollywood,7iW9pTNgp2HtlRJinoYuiA
sadness,bollywood,3Ba743TbPb6CGdIIMJuFHj
sadness,bollywood,1lMhoj9QVjrTTRokk8kW0u
sadness,bollywood,1PL4f0FhA8SW79C4h5mWM2
sadness,bollywood,2GTasAZimpxzNgE7aXFifI
sadness,bollywood,7FsbfCdgaITFyfA51iur79
sadness,bollywood,2OvldWM8rVnp7QCn9eCrr1
sadness,bollywood,1smFN2CLqGROu0J0UyvDfL
sadness,bollywood,6f3ANRNQ8nCiPZ6VqXqq93
sadness,bollywood,6cUOiOY5qh2FpIQWIYAd2h
sadness,bollywood,4iFPsNzNV7V9KJgcOX7TEO
sadness,bollywood,06zJUeKU5KFy50Cho6pDcr
sadness,bollywood,24b9eObMccIrDSs3NvdrRd
sadness,bollywood,4eFnk661RcdOuH9ajiTO3j
sadness,bollywood,0WNCYgCd33LnBnw22WFuq8
sadness,bollywood,2r32XiAWtZbT3eLUvf4pag
sadness,bollywood,3HiobOOpSpMsi95WBKPBYk
sadness,bollywood,03hJuEQpEQERrHpjcXKWzJ
sadness,bollywood,7nbGvjZBJssfZUVj2tw5kr
sadness,bollywood,0pw3p4gf5homOkvOGOJulF
sadness,bollywood,1juJ3mwsFerctbngtK42G4
sadness,bollywood,3XQ15TDH5wMJMJr0X6u2Yc
sadness,bollywood,01npLGQTbZBIHVRcXJbLzR
sadness,bollywood,3jJ5HgLRNydtLRghjWVaCG
sadness,bollywood,4clW7QGXTCYU5F5dTyfFJ2
sadness,bollywood,6sfVSlvCl5evgokuWNrHbE
sadness,bollywood,6EivvaEepVTjmDde43eGiB
sadness,bollywood,3GrCQPpKqKzOcKfMAoqn82
sadness,bollywood,2ZvWoJ82LKCgD0nU9H5ue5
sadness,bollywood,2gXZp1zDDA5bnPsLwrSMRj
sadness,bollywood,1sbW5E7w8tnqpYk0Frx8QG
sadness,bollywood,6zCQF5tu7HVwU9shhKqiuF
sadness,bollywood,0RJ7HhnQxJEOpGC5Htmez4
sadness,bollywood,0zQa7QXLpUZfrrsWbgDZll
sadness,bollywood,5XD2tP1DRH2NJgp45HiEQA
sadness,bollywood,3WLJ7D5kh44K5eJ1NqZQ6W
sadness,bollywood,7fpWJr5shT90KiCHXKHxch
sadness,bollywood,2ILhVeTkbDAYEvesCCBsNo
sadness,bollywood,1fkjRQA8wXPPyxqYLbxuqy
sadness,bollywood,2cPUB8EOT6AfJ8oxhyoNXL
sadness,bollywood,7AAap8D4C4pTyNoMkM9vjG
sadness,bollywood,1HT0RzPuChHC1kWbIplHyw
sadness,bollywood,500H9ENeR5AYbKU1ScK6ME
sadness,bollywood,1hlbywc8Jhl1FFqJxAMabE
sadness,bollywood,7KzGAwJRYS9KLMuVnStqYN
sadness,bollywood,5KZfM2W4L74di6cYgKoUE5
sadness,bollywood,5XXJqs7f42R8PAY4Xcr0ax
sadness,bollywood,6Z394Nd4gW6Ts9hmu3NUjx
sadness,bollywood,59yrts1mp90szqVDEf7o2S
sadness,bollywood,73y649QhnXdcm6fRdvfraO
chill,bollywood,12cK3COq4z4MwaZyjc51zX
chill,bollywood,3OGQ5gp3dkZ38eIjRKLF4V
chill,bollywood,74Gzc0L3VYvAt8sRNOXAbA
chill,bollywood,2KQaNLCXDauWnNuVr6tOi2
chill,bollywood,0u8wprNfOdcWpUlWnfMcpP
chill,bollywood,3HFjh7QljnUCBLsoTwMuTj
chill,bollywood,1sbW5E7w8tnqpYk0Frx8QG
chill,bollywood,5llaVhaIoowKT3fqf2NfPO
chill,bollywood,0Qa9pTZLUC95wJCHGYMIg4
chill,bollywood,6cCSo8zu3bRck519ZqRGfk
chill,bollywood,3APdIdF8H0jsxSuGOqXedS
chill,bollywood,4CGBTtlrjZj7ydpV52cgB4
chill,bollywood,5aU0fpmu2sdYJVOHVHCz5s
chill,bollywood,4FeczSomVWVyU4FW7xDeAI
chill,bollywood,5zcfnScTSFGCHGY1yeXWke
chill,bollywood,7nPCAO0Q9AHbM7PWyj9O98
chill,bollywood,4Qu8LlchmRCaPBKBArcNsA
chill,bollywood,2r1CHpKRDdzHGJScn5UqjX
chill,bollywood,6LX6modQsxnBouh7yZT6qx
chill,bollywood,52itZ0w0CydihB2JCZEIft
chill,bollywood,0EMYTe2oQy70PCKPQFlbVy
chill,bollywood,0gPgdRfB4jdGrlyXS0Vx78
chill,bollywood,1qTh7hzjd361hjuzeaMFWK
chill,bollywood,4DEbmP6I9FTUDD6uXmlhVc
chill,bollywood,7eQl3Yqv35ioqUfveKHitE
chill,bollywood,3uL1IBFhg52VcQqOwAG01E
chill,bollywood,1LFNOKVaFVBFCiLwz8Ay4O
chill,bollywood,0RJ7HhnQxJEOpGC5Htmez4
chill,bollywood,1d5lpW3gUyq537iuyrb9Lf
chill,bollywood,6yipH0hUeAf4YPK40k1oIY
chill,bollywood,4GagsETs7qfR3cwQkRcXgb
chill,bollywood,1sYC1fG7s4p0pTykrJqmgW
chill,bollywood,7fpWJr5shT90KiCHXKHxch
chill,bollywood,4I5Xcdu5Hnki1aP0Uxbs4n
chill,bollywood,4jDfPSa6zoZ4xGTSmyrg8i
chill,bollywood,4pVnxSz312uhq2hM3b8CAO
chill,bollywood,5iyNH1Dmxif1k4Nl1gMeuh
chill,bollywood,4qRcjFkFqSpLBzcbLDt7HL
chill,bollywood,5Xe4kq8j3saW89CSNQGawF
chill,bollywood,4FSqyrDui4q3gzfldntzRD
chill,bollywood,6B0RSaHnLZidlE2w3AjQfO
chill,bollywood,6K0Ea7pq2trf6SwsfEKkOp
chill,bollywood,78KKYDENYsw6jYfuEZsqJl
chill,bollywood,6VOKUdxhjSwbjinKbguOmy
chill,bollywood,3EFGRGsshk0NWidcXfhKvw
chill,bollywood,0s8fGVzyn6URNrUVwCE3dV
chill,bollywood,7cWnks0lsRtpAi87COOiXK
chill,bollywood,2Bn2JQAGZzxe09jFzm1SqJ
chill,bollywood,06c7zIhhtyfmpuJUgkP9aM
chill,bollywood,0oRgjkJQJAtx0oBxnUPFxv
chill,bollywood,4lSs8Q2cYcrEy2aps8MPgx
chill,bollywood,6alUOXeJ3T6vi8dkN8QSbi
chill,bollywood,1O5mTSQa0sCce9ghhDqIZl
chill,bollywood,1eZefeDb8uOsjvcbl1fJrG
chill,bollywood,5JCDVLwteSXuwVqjCa7SwH
chill,bollywood,4wANB882g1ZhF2V8ugksY1
chill,bollywood,5vPMSCWcc5niEpjhnhx35u
chill,bollywood,5FXMRdJjKq1BIX4e8Eg9mK
chill,bollywood,2NECp5Tvb5Lm6TbJf0Y8xI
chill,bollywood,1QufGJee7k9v4Cfp2NxXbv
chill,bollywood,2UKK9UEbKlykbmLVP1zWIQ
chill,bollywood,02zPo0Dt0R4TTFY5zLJZnK
chill,bollywood,3l7JaDIJmWMpvcJqhTJjrk
chill,bollywood,48Ix6ReYdJf2H4mKb3TIpj
chill,bollywood,4qtWZFWX5k3Hs1LN2c1s6g
chill,bollywood,2iZeKe5avjtKVmjfSFkpxd
chill,bollywood,5zjFsuLrTM5sp6coribhCa
chill,bollywood,3xF15SqY32Mno3UUMBirhU
chill,bollywood,1HT0RzPuChHC1kWbIplHyw
chill,bollywood,500H9ENeR5AYbKU1ScK6ME
chill,bollywood,6UeEm5XPsleVD85kNHCu1n
chill,bollywood,3Cvffch2HPvomPpMYXWjvO
chill,bollywood,0eCajpR75pDW0r64U6hP2x
chill,bollywood,7cLGKaJXLFpUU7Up34vVr1
chill,bollywood,4iEGv5Ne6HuCkFCjzxdWQK
chill,bollywood,1pIDs7lAptKsBzSsrYhOxX
chill,bollywood,0voD3biKAPCQsWrg5jKDzz
chill,bollywood,6NmGIj2leVHRKkHEGyechJ
chill,bollywood,2MvCNH9ua0CeOgUQfZf56z
chill,bollywood,29YePgOxuPLfU7uZKxKf6w
chill,bollywood,5RH4M64x1jvPMWHN5S2LAz
chill,bollywood,1cVj8JEbb0QsZViUuWysmO
chill,bollywood,59yrts1mp90szqVDEf7o2S
chill,bollywood,6Z394Nd4gW6Ts9hmu3NUjx
angry,bollywood,6Z394Nd4gW6Ts9hmu3NUjx
angry,bollywood,3Re5rsxdpUECgwtXYNqew1
angry,bollywood,0jWrfBcKMBQjJnDbpM6GMu
angry,bollywood,3bYFLu62UyvTPulAuwkKOl
angry,bollywood,7jpmNt5iCtSdXuT1xEGp8O
angry,bollywood,2BOY77LvMTUOfLcnfFAJGl
angry,bollywood,1sxh0eqIb8ulYypPuq6ZRu
angry,bollywood,51t7DiGRXmCBUCq5pd6iFU
angry,bollywood,5RH4M64x1jvPMWHN5S2LAz
angry,bollywood,2QMixR2pCQkxMoB5WQu5cg
angry,bollywood,7k3jpyYPnVnbO0p7iejWxL
angry,bollywood,6igZ6dgfRuvMofUUkLKUAj
angry,bollywood,6XrAEZFIpgJQAk56pqiPhq
angry,bollywood,3clrh7xJORCwm5ywomx4hs
angry,bollywood,7vZz8oJ5qAqB9MghufRK5k
angry,bollywood,7FROOyFNVDaTbnnBcghUXL
angry,bollywood,2K9uOczZgzGzvxb7ZgRJNK
angry,bollywood,5KZfM2W4L74di6cYgKoUE5
angry,bollywood,5FLgOuLoVwwUUF7IL36Lux
angry,bollywood,2ota18jyZVMGvwQ0IV8qz7
angry,bollywood,3pjZQfBShK7O01QvtQwmcg
angry,bollywood,2TktNdu8PMfhApbWHDFSgZ
angry,bollywood,10QoVk0bqvbCFSJW7xEcPY
romantic,bollywood,2GXXZFUxYg2LvG8SR0byOE
romantic,bollywood,5a2Hoi1wuhCA6Ob7pbOlpW
romantic,bollywood,2LcXJP95e4HKydTZ2mYfrx
romantic,bollywood,3vCzLB6kS2lGcIpm1OOUsy
romantic,bollywood,3t3wsY5IdLVzB9WidegJSU
romantic,bollywood,5sUSbJo0brScvv48ZZ1HrQ
romantic,bollywood,0SAZ4IHYMtjW4Lxrjm7NnG
romantic,bollywood,45PA9lW7U5LYnlpGrdTyHY
romantic,bollywood,0ojpEubhy4JNeVftmVuiN7
romantic,bollywood,4GagsETs7qfR3cwQkRcXgb
romantic,bollywood,4qRcjFkFqSpLBzcbLDt7HL
romantic,bollywood,5Xe4kq8j3saW89CSNQGawF
romantic,bollywood,4FeczSomVWVyU4FW7xDeAI
romantic,bollywood,2iNqdCchlUZEgjJbQyZf8T
romantic,bollywood,78KKYDENYsw6jYfuEZsqJl
romantic,bollywood,3EFGRGsshk0NWidcXfhKvw
romantic,bollywood,4CGBTtlrjZj7ydpV52cgB4
romantic,bollywood,72HdutlIHBZJ7WT1xVAAZT
romantic,bollywood,0s8fGVzyn6URNrUVwCE3dV
romantic,bollywood,7cWnks0lsRtpAi87COOiXK
romantic,bollywood,0u8wprNfOdcWpUlWnfMcpP
romantic,bollywood,06c7zIhhtyfmpuJUgkP9aM
romantic,bollywood,1hQia6rxgfM1ly2hE3StWp
romantic,bollywood,4BTPzhEsyW3blWcxcuhLM0
romantic,bollywood,0oRgjkJQJAtx0oBxnUPFxv
romantic,bollywood,1sbW5E7w8tnqpYk0Frx8QG
romantic,bollywood,1fkjRQA8wXPPyxqYLbxuqy
romantic,bollywood,4lSs8Q2cYcrEy2aps8MPgx
romantic,bollywood,0Qa9pTZLUC95wJCHGYMIg4
romantic,bollywood,6alUOXeJ3T6vi8dkN8QSbi
romantic,bollywood,1O5mTSQa0sCce9ghhDqIZl
romantic,bollywood,5JCDVLwteSXuwVqjCa7SwH
romantic,bollywood,4wANB882g1ZhF2V8ugksY1
romantic,bollywood,5FXMRdJjKq1BIX4e8Eg9mK
romantic,bollywood,4f5kLqyOJ5ZPnalEVMQrB2
romantic,bollywood,3tgdOveYac7YMEAQD9sGLf
romantic,bollywood,2UKK9UEbKlykRPDvyM1zWIQ
romantic,bollywood,4Qu8LlchmRCaPBKBArcNsA
romantic,bollywood,0KSOLEBixnBYIKNHF1VbzF
romantic,bollywood,3l7JaDIJmWMpvcJqhTJjrk
romantic,bollywood,0rxEPf4Y6uBmV3hkrV340a
romantic,bollywood,48Ix6ReYdJf2H4mKb3TIpj
romantic,bollywood,4qtWZFWX5k3Hs1LN2c1s6g
romantic,bollywood,2iZeKe5avjtKVmjfSFkpxd
romantic,bollywood,3xF15SqY32Mno3UUMBirhU
romantic,bollywood,3Cvffch2HPvomPpMYXWjvO
romantic,bollywood,1CVqr5LImdmJ1Upt4z08Pm
romantic,bollywood,0eCajpR75pDW0r64U6hP2x
romantic,bollywood,0d1JQdBaeetUo8xAiKCT3C
romantic,bollywood,5zcfnScTSFGCHGY1yeXWke
romantic,bollywood,7cLGKaJXLFpUU7Up34vVr1
romantic,bollywood,72zHuDxFQTjbL51qJQSA7j
romantic,bollywood,0voD3biKAPCQsWrg5jKDzz
romantic,bollywood,2MvCNH9ua0CeOgUQfZf56z
romantic,bollywood,29YePgOxuPLfU7uZKxKf6w
romantic,bollywood,2nxqHED3XbVYMx4fBgifDG
romantic,bollywood,6zCQF5tu7HVwU9shhKqiuF
romantic,bollywood,6mTvwBzWTGDOVeCNQEqtOE
romantic,bollywood,4kaLkst9lT3sQ5Crgxs3ic
romantic,bollywood,18YHbIhrleUkKKj2DvEp79
romantic,bollywood,0l6g8Z8mqGbGXFOjigYetD
romantic,bollywood,52itZ0w0CydihB2JCZEIft
romantic,bollywood,7aE1lfskJLMHQnzCCP1zsV
romantic,bollywood,7kvLAPEnEPlSbhZDlHFv0p
romantic,bollywood,7Imk0IG6S5GA5iYWkjmMW5
romantic,bollywood,6FjbAnaPRPwiP3sciEYctO
romantic,bollywood,5npFBWhVs3VVlc0nY5xQMA
romantic,bollywood,1wnozUBSe7OMpmZiTPJC5j
romantic,bollywood,2IEhtVeM9TVql8fZdKdlo9
romantic,bollywood,1tPPINau3vBP8Q89JTn0ER
romantic,bollywood,2ceeTJAzKy295Fm0VsaXtE
romantic,bollywood,5a11x5PUFvJEadMRqtNtTr
romantic,bollywood,5PvwPy5eRO8BPwpRzCHK3D
joy,indie,4AajxCEwGEsmHmT4H1TwjY
joy,indie,6dBUzqjtbnIa1TwYbyw5CM
joy,indie,0UV5zxRMz6AO4ZwUOZNIKI
joy,indie,6K4t31amVTZDgR3sKmwUJJ
joy,indie,0YMe6PHRbeDcN7KJcCG0bW
joy,indie,0KyAGiNGUytG5JLxJu4F6l
joy,indie,2tznHmp70DxMyr2XhWLOW0
joy,indie,6nmRXpBtPUAQxtLc5akRfk
joy,indie,5TuTHrKzN6NweeQaKkBNb7
joy,indie,4riDfclV7kPDT9D58FpmHd
joy,indie,2ravLKGYnJWa7szKSBRTRJ
joy,indie,1NlGXcWeUSe1s3IgRKcqmB
joy,indie,6ZdAsADC9LIICvsVRuGWbZ
joy,indie,1uC8CoidgacQzx9f01n73h
joy,indie,0LtOwyZoSNZKJWHqjzADpW
joy,indie,3qhlB30KknSejmIvZZLjOD
joy,indie,41P6Tnd8KIHqON0QIydx6a
joy,indie,5o5WaO9pzPhXSGIrTIYVce
joy,indie,3HlK8txWAdtKMrbsqX40pl
joy,indie,6FBzhcfgGacfXF3AmtfEaX
joy,indie,4sNG6zQBmtq7M8aeeKJRMQ
joy,indie,4njf8PZi95E9ISlQVXXPyl
joy,indie,6UFivO2zqqPFPoQYsEMuCc
joy,indie,08vlprFBmwh9TQnjXUtZDG
joy,indie,0R3TWpoxAhT3HDXM7tpRzS
joy,indie,74f0dpqHhTeTJzs4pmZ1yq
joy,indie,1a19jsjG2DvbN1fVJonKUU
joy,indie,6hpWk3kV9phxtzxbzzXmIF
joy,indie,6WTFHKrnZpwEBLRS10Ylqs
joy,indie,04uR2cdkgiaLIzebPcs25m
joy,indie,6ZzYETKetIfNUsZUb23jgG
joy,indie,4SqWKzw0CbA05TGszDgMlc
joy,indie,16gJmoOqRt2lKmlXtDpWgH
joy,indie,0qOCy2LqvdkMora7eZsJhQ
joy,indie,1gPeJMO7Az6ZtzHiaKUTWb
joy,indie,3fvZo45Y28ly1QBo05pujJ
joy,indie,0HAqq2GcQKyi3s87GuN7jU
joy,indie,4NFD9ea0uH0MtoC30yNYE1
joy,indie,21LkHnuxPxVrOZ5gCaG7aM
joy,indie,27R1A3WZ5Zv0ywNe0Zunfr
joy,indie,1YNcvRZoNJUjR4opG7Qr9o
joy,indie,6doY5sLPHdE4g7RUQdYSz6
joy,indie,7CH99b2i1TXS5P8UUyWtnM
joy,indie,04F42oEuKrRComYJfJuyVR
joy,indie,7j3zZ2jAjzFD60UjhldhHo
joy,indie,7h2nmmoWDi2UpfYKLKWLYB
joy,indie,6M8qU2rDpeRQLE88DF2xtq
joy,indie,64rqvMhAPLLEag310IG3z9
joy,indie,0GO8y8jQk1PkHzS31d699N
joy,indie,5CalS8Gn69OOrR9aiw0ZO9
joy,indie,5yVU9NBrOkk9X3AKHzLhoT
joy,indie,4vcoNCrTtunmJ9q8srpVly
joy,indie,0B9Ve3X55oumbSbJxpY41c
joy,indie,7ASFZh1D0DPZro7UXUKGmd
joy,indie,0KVWVuutF9Dn8li4HdyAeU
joy,indie,78rXjWfGsZVCY4JodrVq0i
joy,indie,7BHPGtpuuWWsvE7cCaMuEU
joy,indie,1jUkHIMc7UaJQuzWe5Iop2
joy,indie,5hM5arv9KDbCHS0k9uqwjr
joy,indie,3zEN0ii6s4DHHBpnTp3RP7
joy,indie,6RiiSy9GzSwiyDEJDiMuKe
joy,indie,7d23MhPFE9eB3U8DPRirnL
joy,indie,3NOIkyNWG0fEjkPkq9HVMW
joy,indie,2X485T9Z5Ly0xyaghN73ed
joy,indie,1FvDJ9KGxcqwv1utyPL3JZ
joy,indie,7FAFkQQZFeNwOFzTrSDFIh
joy,indie,06DPYEqSX1jMaxvnXNVshB
joy,indie,3tgHGoK5ItQv2q2yqggxlb
joy,indie,4QlzkaRHtU8gAdwqjWmO8n
joy,indie,0DmkBOGgEWMbUJlL6VwwF2
joy,indie,5mIOsPuQdXchVY0jB5NO9Q
chill,indie,6FBzhcfgGacfXF3AmtfEaX
chill,indie,5hM5arv9KDbCHS0k9uqwjr
chill,indie,0InIeZW4P6VO7dUGRM4AKH
chill,indie,3stWWPN41byqp8loPdy92u
chill,indie,7BgyWwbbybJr2IbQoI1gzH
chill,indie,42qNWdLKCI41S4uzfamhFM
chill,indie,3bQsp4Vr9Rg4fNCx6HPOgX
chill,indie,3hRV0jL3vUpRrcy398teAU
chill,indie,69Kzq3FMkDwiSFBQzRckFD
chill,indie,3oUn55qKRZ1JFzfQNbJjS1
chill,indie,2mWfVxEo4xZYDaz0v7hYrN
chill,indie,3iBgrkexCzVuPy4O9vx7Mf
chill,indie,5TuTHrKzN6NweeQaKkBNb7
chill,indie,3siwsiaEoU4Kuuc9WKMUy5
chill,indie,0MJ5wKsPEeihONNfugHGy7
chill,indie,0yuAWlxq59xT3agQ965OxE
chill,indie,0yrCxEoGU4cV3CGr0sc65J
chill,indie,2vlkTkPqdATznKHu9gD2c1
chill,indie,6uz2JnWMcYfmWgJ7XEsjui
chill,indie,3LAs811NWNGUK2YBhLJd8k
chill,indie,6IAuH3hgTRpUUdmOGubXGS
chill,indie,0KyAGiNGUytG5JLxJu4F6l
chill,indie,1KIJclzEbNhSVw8tiHPWwE
chill,indie,3BUc2A0MJ53FHwiy3eohBt
chill,indie,7oe04qLMdQxHXhcGIfShXf
chill,indie,5o5WaO9pzPhXSGIrTIYVce
chill,indie,3W7KHojYGgYaoX9ogKO9hU
chill,indie,1NlGXcWeUSe1s3IgRKcqmB
chill,indie,41P6Tnd8KIHqON0QIydx6a
chill,indie,0LtOwyZoSNZKJWHqjzADpW
chill,indie,3cxZT78mZDyLsLPJKcTu3U
chill,indie,6RiiSy9GzSwiyDEJDiMuKe
chill,indie,4riDfclV7kPDT9D58FpmHd
chill,indie,0UV5zxRMz6AO4ZwUOZNIKI
chill,indie,5aJOyuvqhcCRpaUCubwXk9
chill,indie,6cMMZ2pdP4PkYsVJqX2WUh
chill,indie,1oAwsWBovWRIp7qLMGPIet
chill,indie,4AajxCEwGEsmHmT4H1TwjY
chill,indie,75IQVo8hqI1iwVZyvkN2VT
chill,indie,5Hg1m5uhSPL75ejQgPOmyc
chill,indie,1cCbsojaA6GIT7Y3zuMJ1q
chill,indie,2VYnlKxB8jpbCeLUjQsebc
chill,indie,4R5GN0mBvb6jkRj3Zvyhkl
chill,indie,4LXP4tw0mucgLy8zeNj7lL
chill,indie,4QUsmmXmINYXwh7UsiMX2j
chill,indie,08kTa3SL9sV6Iy8KLKtGql
chill,indie,6RMltEudPPFoJuUoshxRBB
chill,indie,2KhrPRV0V1FS2l4eQMJUWt
chill,indie,1piJt73n2S8eYPEJn7XwUb
chill,indie,27R1A3WZ5Zv0ywNe0Zunfr
chill,indie,2LuWYa6cXmNTctYITm0cUv
chill,indie,2lnOYfJOT8EW9UwK9M1jvz
chill,indie,4aR6vDXYYwtsreXsjLGz0Z
chill,indie,19Hg1UCZaCdpHB37L7x63X
chill,indie,6ZdAsADC9LIICvsVRuGWbZ
chill,indie,4ezXXcPdzmOwjfBTR3m2Zg
chill,indie,3RPlFuvbQzwrSTW8CrvlbD
chill,indie,3o9eTbeS8UB8fbHpc1gx7X
chill,indie,0nazxhxUy9Uc631ubxC26s
chill,indie,0bbaUZwGeE28lKMKDn51Wf
chill,indie,328Ui9vgxrHUMn7DSiUc0e
sadness,indie,2K7xn816oNHJZ0aVqdQsha
sadness,indie,4AajxCEwGEsmHmT4H1TwjY
sadness,indie,6LUGvXEAK8WxIBYK43uoTb
sadness,indie,2tznHmp70DxMyr2XhWLOW0
sadness,indie,0KyAGiNGUytG5JLxJu4F6l
sadness,indie,5Qv2Nby1xTr9pQyjkrc94J
sadness,indie,6RiiSy9GzSwiyDEJDiMuKe
sadness,indie,0TZejo18HlJ86OrWNsXKnw
sadness,indie,6oofvZ4K8vBHnCT1oKERcd
sadness,indie,5e0b9LgOfi3aJSKXFcOWRe
sadness,indie,4NUhcsz9E1LrBe8nXLZqzp
sadness,indie,38PTaSqKcn1NKafQRdXSby
sadness,indie,6Hzle86uYcpy3QkcCmMKgE
sadness,indie,1SKPmfSYaPsETbRHaiA18G
sadness,indie,0FTmksd2dxiE5e3rWyJXs6
sadness,indie,7EkWXAI1wn8Ii883ecd9xr
sadness,indie,35KiiILklye1JRRctaLUb4
sadness,indie,7zwn1eykZtZ5LODrf7c0tS
sadness,indie,5TuTHrKzN6NweeQaKkBNb7
sadness,indie,6BrMEbPSSj55nQhkgf6DnE
sadness,indie,6dBUzqjtbnIa1TwYbyw5CM
sadness,indie,6uz2JnWMcYfmWgJ7XEsjui
sadness,indie,1aXV8GrmQLvgoFtBPERP7E
sadness,indie,6JgHKt0WwdwlXIht6M0mqa
sadness,indie,2vlkTkPqdATznKHu9gD2c1
sadness,indie,2R4AlwtrrkMaRKojcTIzmL
sadness,indie,63OQupATfueTdZMWTxW03A
sadness,indie,7M6KOBCfPzWqbkiaXnm7bd
sadness,indie,7wCmS9TTVUcIhRalDYFgPy
sadness,indie,4k6Uh1HXdhtusDW5y8Gbvy
sadness,indie,0WQiDwKJclirSYG9v5tayI
sadness,indie,6QeYSvYqYUsfBzsApbjDHO
sadness,indie,3stWWPN41byqp8loPdy92u
sadness,indie,42qNWdLKCI41S4uzfamhFM
sadness,indie,3jjsRKEsF42ccXf8kWR3nu
sadness,indie,1KIJclzEbNhSVw8tiHPWwE
sadness,indie,2fhOljbX79loRcdl47SFye
sadness,indie,10nyNJ6zNy2YVYLrcwLccB
sadness,indie,0UV5zxRMz6AO4ZwUOZNIKI
sadness,indie,0hta2Lb2zKJ7kEnAEZEE3G
sadness,indie,4SqWKzw0CbA05TGszDgMlc
sadness,indie,3qhlB30KknSejmIvZZLjOD
sadness,indie,3IznIgmXtrUaoPWpQTy5jB
sadness,indie,19Hg1UCZaCdpHB37L7x63X
sadness,indie,784VjdNkpXhFV0RHquzsi2
sadness,indie,6XrTwqp0vMc2Z3m4ttoyRe
sadness,indie,1xaTREM89RbIxkcjlpf4Uw
sadness,indie,6jgkEbmQ2F2onEqsEhiliL
sadness,indie,2a1iMaoWQ5MnvLFBDv4qkf
romantic,indie,790xAaylcgzyKm40GM95Gl
romantic,indie,1oAwsWBovWRIp7qLMGPIet
romantic,indie,4SqWKzw0CbA05TGszDgMlc
romantic,indie,41P6Tnd8KIHqON0QIydx6a
romantic,indie,6dBUzqjtbnIa1TwYbyw5CM
romantic,indie,5o5WaO9pzPhXSGIrTIYVce
romantic,indie,6RiiSy9GzSwiyDEJDiMuKe
romantic,indie,7zwn1eykZtZ5LODrf7c0tS
romantic,indie,5Hg1m5uhSPL75ejQgPOmyc
romantic,indie,6klFWv2xDGeTDoiKTtx4hg
romantic,indie,32GHYtVVAsYNQGafHrrRxv
romantic,indie,2enPRFda84VE2wtI8c86Uf
romantic,indie,0yuAWlxq59xT3agQ965OxE
romantic,indie,3oUn55qKRZ1JFzfQNbJjS1
romantic,indie,2XUx8PCXGpP1XhZJMGiUol
romantic,indie,2VYnlKxB8jpbCeLUjQsebc
romantic,indie,3Z6cltU0OfbUdSZtZlzKPL
romantic,indie,79EkGysjP2dL5GdpeQjRxT
romantic,indie,2mOp5BSfbZrf4tunZ5mPit
romantic,indie,3hRV0jL3vUpRrcy398teAU
romantic,indie,79rfskJwK9NLN3p5cdccth
romantic,indie,1tuSpba0RXUMubHpAOWlMN
romantic,indie,3AJwUDP919kvQ9QcozQPxg
romantic,indie,2KhrPRV0V1FS2l4eQMJUWt
romantic,indie,2aaCNg42RA74s0EmHTBqS7
romantic,indie,7IL8PSVwLOJxqYne6azxQv
romantic,indie,3cxZT78mZDyLsLPJKcTu3U
romantic,indie,7B3z0ySL9Rr0XvZEAjWZzM
romantic,indie,3EaJDYHA0KnX88JvDhL9oa
romantic,indie,5iFwAOB2TFkPJk8sMlxP8g
romantic,indie,6IPwKM3fUUzlElbvKw2sKl
romantic,indie,3ZgkHyoKfNMcHTXC0X1qQj
romantic,indie,0HhFle69uOJLMo7FFfcqes
romantic,indie,3ieVRTL0jHyZD6AAjcoeQa
romantic,indie,2xGjfbXZnI8uQDhukoQURQ
romantic,indie,7EAMXbLcL0qXmciM5SwMh2
romantic,indie,2xql0pid3EUwW38AsywxhV
romantic,indie,7LbUv7w2z7rEbNqp1uIL9U
romantic,indie,7rulewysad9ow7ICTIIlUe
romantic,indie,3jwQt00cvkN57H6ZR75W2K
romantic,indie,7rC3P7tpWriaC4hYWKwGQd
romantic,indie,5F6ekGcdu623mkhTVgk64Z
romantic,indie,5JJPfHpByZ66XsEyCNVi2p
romantic,indie,1xK59OXxi2TAAAbmZK0kBL
romantic,indie,6L5RI9isQPvFyl1yCxnFFb
romantic,indie,3W7KHojYGgYaoX9ogKO9hU
romantic,indie,5WbfFTuIldjL9x7W6y5l7R
romantic,indie,0pxPNTroZcxXA0w6IDgMQJ
romantic,indie,2D79qw6Zobv0O7MMD74V6C
romantic,indie,1TgCchWmdmmhGrtsa8NHwY
angry,indie,7M6KOBCfPzWqbkiaXnm7bd
angry,indie,3jjsRKEsF42ccXf8kWR3nu
angry,indie,11iIikXxC6NP0Ma8vMD27x
angry,indie,5773KSWFzg9kCc8yazjbSt
angry,indie,37l31PrCNsg8baUjarNAi9
angry,indie,60TThBDrPpek5k520l0W0L
angry,indie,05UdmOwDMr4LsAk56AFfsE
angry,indie,1JcGNoiwifg0MdJMVgJQYx
angry,indie,1foMv2HQwfQ2vntFf9HFeG
angry,indie,7kVoPBSlGghzLoQjODkxGD
angry,indie,6XrTwqp0vMc2Z3m4ttoyRe
angry,indie,14N3tALR3Mhf7UHpJRKk4L
angry,indie,1N8TTK1Uoy7UvQNUazfUt5
angry,indie,26CCPKPZQGVYSXLJVDgCEo
angry,indie,34qaGPDvfWqp3F4iD5nGhf
angry,indie,2IWtloZYQDcP8Ashwx8QEF
angry,indie,1XYHqSfJK9ud9nuRjQcbXi
angry,indie,3xHiCTehVvsc7w26DuEdYw
angry,indie,1HOhw9h6IpSVpFPS6OzUu4
angry,indie,37adYGaYaAWTGhBaOzX4Fh
angry,indie,1KdwPeY1WRWQGHCmRJTveb
angry,indie,2RZWiishrE4Tygv9R7zuZe
angry,indie,2nMTBUdxkdCZWo7n3upy1e
angry,indie,4I3573QbRpER4HPzyFSFJa
angry,indie,5B8N5rPOmTVVGpuBMK2Vby
angry,indie,7tLTxOJY6cjQz4aJYMs8Nu
angry,indie,3ngZf8e29zHlW4gNMQb6IR
angry,indie,6RKeESxpM58GCfR5eRdfzY
angry,indie,4jU7NPkz4HVnM4hweqNhI1
angry,indie,5Pjvp4iXfHQRI9FfsFqbcA
angry,indie,5JKnYZOhSP7rOK0jPYcCjV
angry,indie,6y20BV5L33R8YXM0YuI38N
angry,indie,6cPCWtg5cWyj0tcUzPiNrJ
angry,indie,1BPrb82sw4NISXgRfdBFRS
angry,indie,2zXbLJiS5099aDVyTHIDU4
angry,indie,0UqDHyajhOTknbgj1IjuNM
angry,indie,65wEZxhPlAERKLcSbTD7qc
angry,indie,11wHmDneCglIJZRMOMUhUw
angry,indie,4mxoJfHYvwuWCwqnZvzggL
angry,indie,6Ph8QwsRfZunN5e1GGBIqa
angry,indie,0mjOx4zUlL5t4rF1xnrfvi
angry,indie,0EdMqiKs9LKXhspeQhl4RZ
angry,indie,5ZdqVCiXrvMGpY8cux5g8t
angry,indie,5vWAgdYgGN5WXzKvfNwx2E
angry,indie,7g5qe8VITjr13RIe8uM2p6
angry,indie,2kKkl59fY6Cic1CmhvSEZK
angry,indie,0e00DiF2T9znEdmWakYSC3
angry,indie,415aR5b8Uws9UPGTsssWaS
angry,indie,7pu8AhGUxHZSCWTkQ2eb5M
joy,hiphop,4KW1lqgSr8TKrvBII0Brf8
joy,hiphop,3iVcZ5G6tvkXZkZKlMpIUs
joy,hiphop,6MF4tRr5lU8qok8IKaFOBE
joy,hiphop,0UtnpKaReKUg2GquaSxCyD
joy,hiphop,7wdzLe2Gsx1RGqbvYZHASz
joy,hiphop,67ncYmW29pNJJY2yXuLPwT
joy,hiphop,5Tbpp3OLLClPJF8t1DmrFD
joy,hiphop,5h5tBFnbcVioFXiOixTn6E
joy,hiphop,2qOm7ukLyHUXWyR4ZWLwxA
joy,hiphop,5jHilrZDaP1vJMZfdN1He3
joy,hiphop,4UQMOPSUVJVicIQzjAcRRZ
joy,hiphop,0j2T0R9dR9qdJYsB7ciXhf
joy,hiphop,5TRPicyLGbAF2LGBFbHGvO
joy,hiphop,2g8HN35AnVGIk7B8yMucww
joy,hiphop,503OTo2dSqe7qk76rgsbep
joy,hiphop,3ia3dJETSOllPsv3LJkE35
joy,hiphop,2dxjKgT0li4qBI3QwuN9Ih
joy,hiphop,22L7bfCiAkJo5xGSQgmiIO
joy,hiphop,3sNVsP50132BTNlImLx70i
joy,hiphop,72hFOhhhnOJZnnp6uVOgPn
joy,hiphop,2cYqizR4lgvp4Qu6IQ3qGN
joy,hiphop,5050y1NZdlMdTKMLNWv4nl
joy,hiphop,2lD6AoA8qf2t4Dkf2TcmNK
joy,hiphop,1rX4NEQw31PCs8xN125GiZ
joy,hiphop,1Y1jtaZOJYgXBl7lKdLc9o
joy,hiphop,2aPTvyE09vUCRwVvj0I8WK
joy,hiphop,6PGoSes0D9eUDeeAafB2As
joy,hiphop,3z8DyeoD1bZOQtEYyCL2wn
joy,hiphop,4kTLpAbhuEGHAAdDjOIWaa
joy,hiphop,5bBUDJUfGcG7eFy3Bf4fXv
joy,hiphop,3SAga35lAPYdjj3qyfEsCF
joy,hiphop,0zO8ctW0UiuOefR87OeJOZ
joy,hiphop,2X6b7zLdIxCejd6GqVcQ9M
joy,hiphop,2PpruBYCo4H7WOBJ7Q2EwM
joy,hiphop,6cfVDaIdvDtYH91RqC6Wox
joy,hiphop,0NfYAsKygCYwPA2BgTZ1qg
joy,hiphop,36J0iaPDGbYGsHvYpaYs3k
joy,hiphop,0xhWYqbieArhuGsYn9ADzF
joy,hiphop,0lWjRSzq5chA9fps3pM8Zr
joy,hiphop,3neOwym9kfYsM1QWaR77C1
joy,hiphop,4QTlxavdQGUVitxAvQqqkU
joy,hiphop,6Ec5LeRzkisa5KJtwLfOoW
joy,hiphop,46fk9wjYcPm0sgym2b7EEE
joy,hiphop,7dltD9eEX7X1zk8JJ9BS0e
joy,hiphop,3Fr6KveeuBJcJUFpJHJgUX
joy,hiphop,7rbECVPkY5UODxoOUVKZnA
joy,hiphop,4iz9lGMjU1lXS51oPmUmTe
joy,hiphop,7dFGkZbmm6cVlI28bfMaWE
joy,hiphop,6LxSe8YmdPxy095Ux6znaQ
joy,hiphop,1e1JKLEDKP7hEQzJfNAgPl
joy,hiphop,78844Rxxkl8STQUVbp4vXi
joy,hiphop,3NGT0Td7H4Is1qrlDQJxma
joy,hiphop,2XbwFs07dfm2MGQuYmRMZT
joy,hiphop,1SyQ6t9RdRBK0QUCS6a797
joy,hiphop,20XdEFyaUR9C7aDIdq2OAd
joy,hiphop,0I6KbNBU6XlbkuwN9nyuIC
joy,hiphop,1gSDTZHemEViEBiXysrlo0
joy,hiphop,792UwI6utk5DMQUT1KXa5E
joy,hiphop,38XOEv37waF4pd8Ztmna7K
joy,hiphop,5vpDsiVqiZLRwKAzQO708k
joy,hiphop,6e8Ou0wiqAzIpWb2eSxll8
joy,hiphop,0weAUscowxeqDtpCgtbpgp
joy,hiphop,7qHAjAL7CpadaZLamuBZRm
joy,hiphop,2Ih217RCGAmyQR68Nn7Cqo
joy,hiphop,0XRbYXQUymj9SJkrr8YK5B
joy,hiphop,53oWwSxPuyH2cjYKXH8fgO
joy,hiphop,4AE7Lj39VnSZNOmGH2iZaq
joy,hiphop,7KwZNVEaqikRSBSpyhXK2j
joy,hiphop,4VQNCzfZ3MdHEwwErNXpBo
joy,hiphop,39QBkWKnap8wRSW4WB9OK0
joy,hiphop,0shK5iZQppbHPQYiy60xs9
joy,hiphop,5KSJ9k1FYjFLnIRlJT2wF8
joy,hiphop,0mEdbdeRFQwBhN4xfyIeUM
joy,hiphop,5SkRLpaGtvYPhw02vZhQQ9
joy,hiphop,1auxYwYrFRqZP7t3s7w4um
joy,hiphop,6yIjtVtnOBeC8SwdVHzAuF
joy,hiphop,34KUIBsIUiPV7oCIzSdDAU
joy,hiphop,2DHNCWZYmVr1Lv08q5b0kB
joy,hiphop,0zLClc0emc6qUeV1p5nc99
joy,hiphop,7yNK27ZTpHew0c55VvIJgm
joy,hiphop,2gZUPNdnz5Y45eiGxpHGSc
joy,hiphop,1UGD3lW3tDmgZfAVDh6w7r
joy,hiphop,0O3TAouZE4vL9dM5SyxgvH
joy,hiphop,7ycWLEP1GsNjVvcjawXz3z
joy,hiphop,5mCPDVBb16L4XQwDdbRUpz
joy,hiphop,7y6c07pgjZvtHI9kuMVqk1
joy,hiphop,76gUmNLXGQVOsGhfcshkFP
joy,hiphop,1zi7xx7UVEFkmKfv06H8x0
joy,hiphop,6GCsFtfTR4R9Y0ECkFJhNr
joy,hiphop,2P3SLxeQHPqh8qKB6gtJY2
joy,hiphop,7lQ8MOhq6IN2w8EYcFNSUk
joy,hiphop,0fGh0trRN1xz3s41r7V5ce
joy,hiphop,5ByAIlEEnxYdvpnezg7HTX
joy,hiphop,74tLlkN3rgVzRqQJgPfink
joy,hiphop,1BpKJw4RZxaFB88NE5uxXf